date,count
2014-01-01,0
2014-01-02,48133
2014-01-03,57385
2014-01-04,40532
2014-01-05,41414
2014-01-06,81561
2014-01-07,145670
2014-01-08,96703
2014-01-09,233745
2014-01-10,175666
2014-01-11,66190
2014-01-12,65061
2014-01-13,105578
2014-01-14,259057
2014-01-15,145868
2014-01-16,141891
2014-01-17,73508
2014-01-18,55146
2014-01-19,54086
2014-01-20,89751
2014-01-21,109478
2014-01-22,106038
2014-01-23,118879
2014-01-24,105638
2014-01-25,58670
2014-01-26,60728
2014-01-27,115802
2014-01-28,129358
2014-01-29,116087
2014-01-30,121641
2014-01-31,87845
2014-02-01,60209
2014-02-02,70991
2014-02-03,130081
2014-02-04,154235
2014-02-05,120014
2014-02-06,129791
2014-02-07,99238
2014-02-08,68479
2014-02-09,73674
2014-02-10,111551
2014-02-11,136244
2014-02-12,107748
2014-02-13,122318
2014-02-14,257891
2014-02-15,63822
2014-02-16,71929
2014-02-17,131575
2014-02-18,123677
2014-02-19,124177
2014-02-20,136794
2014-02-21,150757
2014-02-22,84173
2014-02-23,75210
2014-02-24,115017
2014-02-25,125325
2014-02-26,161294
2014-02-27,133807
2014-02-28,113016
2014-03-01,72887
2014-03-02,74730
2014-03-03,162569
2014-03-04,208213
2014-03-05,149318
2014-03-06,142985
2014-03-07,146089
2014-03-08,91550
2014-03-09,80408
2014-03-10,199908
2014-03-11,171639
2014-03-12,142667
2014-03-13,126801
2014-03-14,113993
2014-03-15,101371
2014-03-16,65478
2014-03-17,139251
2014-03-18,144443
2014-03-19,134795
2014-03-20,148346
2014-03-21,160349
2014-03-22,88254
2014-03-23,63413
2014-03-24,154109
2014-03-25,267558
2014-03-26,150948
2014-03-27,152336
2014-03-28,124493
2014-03-29,83035
2014-03-30,127642
2014-03-31,140889
2014-04-01,170065
2014-04-02,151298
2014-04-03,126571
2014-04-04,131119
2014-04-05,92721
2014-04-06,75990
2014-04-07,170505
2014-04-08,173832
2014-04-09,209961
2014-04-10,177982
2014-04-11,174026
2014-04-12,162488
2014-04-13,147549
2014-04-14,257088
2014-04-15,236929
2014-04-16,190702
2014-04-17,171815
2014-04-18,159642
2014-04-19,125635
2014-04-20,109519
2014-04-21,159661
2014-04-22,181161
2014-04-23,186274
2014-04-24,203572
2014-04-25,172803
2014-04-26,105500
2014-04-27,185400
2014-04-28,172590
2014-04-29,167450
2014-04-30,157870
2014-05-01,130419
2014-05-02,127326
2014-05-03,95094
2014-05-04,77100
2014-05-05,160063
2014-05-06,188084
2014-05-07,166708
2014-05-08,178473
2014-05-09,158571
2014-05-10,94975
2014-05-11,82286
2014-05-12,152526
2014-05-13,176396
2014-05-14,172920
2014-05-15,162669
2014-05-16,19061
2014-05-17,24207
2014-05-18,85955
2014-05-19,165351
2014-05-20,147871
2014-05-21,103166
2014-05-22,200740
2014-05-23,153817
2014-05-24,64545
2014-05-25,83170
2014-05-26,108321
2014-05-27,167471
2014-05-28,153513
2014-05-29,168265
2014-05-30,140797
2014-05-31,119529
2014-06-01,87190
2014-06-02,174453
2014-06-03,198747
2014-06-04,209867
2014-06-05,209861
2014-06-06,164167
2014-06-07,110195
2014-06-08,124013
2014-06-09,181728
2014-06-10,178957
2014-06-11,197362
2014-06-12,183643
2014-06-13,200273
2014-06-14,124308
2014-06-15,130380
2014-06-16,170309
2014-06-17,184769
2014-06-18,200604
2014-06-19,220187
2014-06-20,199728
2014-06-21,100300
2014-06-22,117004
2014-06-23,178060
2014-06-24,168887
2014-06-25,226994
2014-06-26,223856
2014-06-27,176318
2014-06-28,108516
2014-06-29,98670
2014-06-30,211630
2014-07-01,167871
2014-07-02,145978
2014-07-03,156735
2014-07-04,121388
2014-07-05,85680
2014-07-06,88702
2014-07-07,173305
2014-07-08,225455
2014-07-09,204074
2014-07-10,196067
2014-07-11,186799
2014-07-12,128945
2014-07-13,100936
2014-07-14,186627
2014-07-15,194915
2014-07-16,181111
2014-07-17,191137
2014-07-18,173551
2014-07-19,109991
2014-07-20,103021
2014-07-21,206653
2014-07-22,177675
2014-07-23,186140
2014-07-24,150904
2014-07-25,160480
2014-07-26,100130
2014-07-27,82237
2014-07-28,142225
2014-07-29,151380
2014-07-30,176169
2014-07-31,167655
2014-08-01,238507
2014-08-02,88788
2014-08-03,89176
2014-08-04,240695
2014-08-05,311740
2014-08-06,237572
2014-08-07,229844
2014-08-08,181458
2014-08-09,150400
2014-08-10,167049
2014-08-11,199402
2014-08-12,198975
2014-08-13,191415
2014-08-14,214428
2014-08-15,140221
2014-08-16,142873
2014-08-17,141451
2014-08-18,208112
2014-08-19,186172
2014-08-20,214282
2014-08-21,172420
2014-08-22,164884
2014-08-23,128671
2014-08-24,122569
2014-08-25,187777
2014-08-26,179235
2014-08-27,178963
2014-08-28,217476
2014-08-29,172327
2014-08-30,156282
2014-08-31,135528
2014-09-01,193427
2014-09-02,201246
2014-09-03,219624
2014-09-04,164296
2014-09-05,159516
2014-09-06,151745
2014-09-07,143159
2014-09-08,215433
2014-09-09,212208
2014-09-10,216108
2014-09-11,214383
2014-09-12,218072
2014-09-13,177954
2014-09-14,154793
2014-09-15,231760
2014-09-16,226952
2014-09-17,247043
2014-09-18,202766
2014-09-19,193986
2014-09-20,118360
2014-09-21,109397
2014-09-22,49240
2014-09-23,28529
2014-09-24,202783
2014-09-25,227928
2014-09-26,184229
2014-09-27,118191
2014-09-28,128886
2014-09-29,238966
2014-09-30,245891
2014-10-01,225379
2014-10-02,230788
2014-10-03,204156
2014-10-04,120851
2014-10-05,133727
2014-10-06,199334
2014-10-07,254937
2014-10-08,269485
2014-10-09,261648
2014-10-10,212873
2014-10-11,135602
2014-10-12,142894
2014-10-13,241548
2014-10-14,247588
2014-10-15,217477
2014-10-16,241095
2014-10-17,219634
2014-10-18,174604
2014-10-19,148121
2014-10-20,235418
2014-10-21,274550
2014-10-22,308840
2014-10-23,219635
2014-10-24,230757
2014-10-25,169231
2014-10-26,138603
2014-10-27,220410
2014-10-28,211953
2014-10-29,224093
2014-10-30,234189
2014-10-31,184948
2014-11-01,200630
2014-11-02,161453
2014-11-03,275164
2014-11-04,258593
2014-11-05,301027
2014-11-06,334350
2014-11-07,234383
2014-11-08,164842
2014-11-09,166282
2014-11-10,250810
2014-11-11,248454
2014-11-12,324168
2014-11-13,332795
2014-11-14,227554
2014-11-15,161648
2014-11-16,162422
2014-11-17,0
2014-11-18,536430
2014-11-19,221424
2014-11-20,174589
2014-11-21,182343
2014-11-22,154189
2014-11-23,165760
2014-11-24,258791
2014-11-25,257606
2014-11-26,238711
2014-11-27,204324
2014-11-28,190223
2014-11-29,160263
2014-11-30,133195
2014-12-01,264991
2014-12-02,288841
2014-12-03,297070
2014-12-04,258841
2014-12-05,221510
2014-12-06,175962
2014-12-07,170543
2014-12-08,245492
2014-12-09,261785
2014-12-10,267653
2014-12-11,239449
2014-12-12,224018
2014-12-13,184076
2014-12-14,156088
2014-12-15,211594
2014-12-16,228122
2014-12-17,227947
2014-12-18,214071
2014-12-19,201406
2014-12-20,173481
2014-12-21,128746
2014-12-22,171419
2014-12-23,143499
2014-12-24,139203
2014-12-25,103383
2014-12-26,109735
2014-12-27,159311
2014-12-28,109704
2014-12-29,154320
2014-12-30,138501
2014-12-31,114020
2015-01-01,62324
2015-01-02,143301
2015-01-03,127092
2015-01-04,130334
2015-01-05,219073
2015-01-06,235962
2015-01-07,240967
2015-01-08,265741
2015-01-09,217067
2015-01-10,152375
2015-01-11,160479
2015-01-12,264987
2015-01-13,270174
2015-01-14,346408
2015-01-15,276569
2015-01-16,575028
2015-01-17,201818
2015-01-18,254936
2015-01-19,301527
2015-01-20,301389
2015-01-21,326460
2015-01-22,295080
2015-01-23,253986
2015-01-24,199809
2015-01-25,176268
2015-01-26,294427
2015-01-27,323141
2015-01-28,321485
2015-01-29,299421
2015-01-30,283428
2015-01-31,173966
2015-02-01,165195
2015-02-02,327405
2015-02-03,316939
2015-02-04,331008
2015-02-05,332047
2015-02-06,292996
2015-02-07,181671
2015-02-08,179049
2015-02-09,310992
2015-02-10,297447
2015-02-11,299797
2015-02-12,276650
2015-02-13,263437
2015-02-14,155824
2015-02-15,159011
2015-02-16,265059
2015-02-17,302746
2015-02-18,332511
2015-02-19,337161
2015-02-20,261482
2015-02-21,196860
2015-02-22,200460
2015-02-23,321280
2015-02-24,357946
2015-02-25,363959
2015-02-26,426655
2015-02-27,290674
2015-02-28,192612
2015-03-01,205135
2015-03-02,324429
2015-03-03,390541
2015-03-04,367826
2015-03-05,299499
2015-03-06,289606
2015-03-07,220802
2015-03-08,191514
2015-03-09,424308
2015-03-10,479895
2015-03-11,358512
2015-03-12,429236
2015-03-13,370666
2015-03-14,230702
2015-03-15,204107
2015-03-16,327364
2015-03-17,368760
2015-03-18,371888
2015-03-19,325466
2015-03-20,301489
2015-03-21,242707
2015-03-22,253142
2015-03-23,334698
2015-03-24,333755
2015-03-25,442022
2015-03-26,330370
2015-03-27,292922
2015-03-28,214830
2015-03-29,220653
2015-03-30,348934
2015-03-31,442082
2015-04-01,502735
2015-04-02,352663
2015-04-03,257902
2015-04-04,208812
2015-04-05,207179
2015-04-06,287571
2015-04-07,391999
2015-04-08,401090
2015-04-09,425238
2015-04-10,339459
2015-04-11,287019
2015-04-12,264399
2015-04-13,405587
2015-04-14,399620
2015-04-15,423810
2015-04-16,364533
2015-04-17,350248
2015-04-18,381068
2015-04-19,320951
2015-04-20,590514
2015-04-21,537559
2015-04-22,461103
2015-04-23,463602
2015-04-24,444393
2015-04-25,319967
2015-04-26,261541
2015-04-27,420828
2015-04-28,391824
2015-04-29,385941
2015-04-30,425306
2015-05-01,277160
2015-05-02,211458
2015-05-03,253502
2015-05-04,389516
2015-05-05,418476
2015-05-06,395385
2015-05-07,443298
2015-05-08,375280
2015-05-09,275604
2015-05-10,266569
2015-05-11,456720
2015-05-12,447018
2015-05-13,430855
2015-05-14,398892
2015-05-15,419288
2015-05-16,271124
2015-05-17,234323
2015-05-18,385655
2015-05-19,422488
2015-05-20,418e3
2015-05-21,400927
2015-05-22,300865
2015-05-23,295082
2015-05-24,206168
2015-05-25,278943
2015-05-26,375681
2015-05-27,355614
2015-05-28,357355
2015-05-29,296825
2015-05-30,239830
2015-05-31,213778
2015-06-01,369697
2015-06-02,367222
2015-06-03,373301
2015-06-04,362989
2015-06-05,339187
2015-06-06,255870
2015-06-07,253645
2015-06-08,435197
2015-06-09,392005
2015-06-10,474001
2015-06-11,427405
2015-06-12,376936
2015-06-13,294443
2015-06-14,252347
2015-06-15,428168
2015-06-16,400818
2015-06-17,442616
2015-06-18,368173
2015-06-19,437604
2015-06-20,275259
2015-06-21,231687
2015-06-22,389647
2015-06-23,499038
2015-06-24,429712
2015-06-25,430127
2015-06-26,344442
2015-06-27,256748
2015-06-28,251791
2015-06-29,450885
2015-06-30,435949
2015-07-01,433301
2015-07-02,402954
2015-07-03,293601
2015-07-04,238189
2015-07-05,241832
2015-07-06,477485
2015-07-07,523235
2015-07-08,421281
2015-07-09,416058
2015-07-10,361030
2015-07-11,203331
2015-07-12,190392
2015-07-13,323891
2015-07-14,361038
2015-07-15,394198
2015-07-16,365691
2015-07-17,318079
2015-07-18,242693
2015-07-19,229277
2015-07-20,393883
2015-07-21,377063
2015-07-22,342425
2015-07-23,346116
2015-07-24,383373
2015-07-25,274520
2015-07-26,231927
2015-07-27,352580
2015-07-28,354130
2015-07-29,346970
2015-07-30,379543
2015-07-31,305513
2015-08-01,220572
2015-08-02,154147
2015-08-03,350770
2015-08-04,615812
2015-08-05,390272
2015-08-06,382593
2015-08-07,334177
2015-08-08,324069
2015-08-09,208779
2015-08-10,368325
2015-08-11,367388
2015-08-12,421128
2015-08-13,336571
2015-08-14,320819
2015-08-15,258970
2015-08-16,256436
2015-08-17,398260
2015-08-18,442668
2015-08-19,419257
2015-08-20,397922
2015-08-21,348412
2015-08-22,351265
2015-08-23,0
2015-08-24,435893
2015-08-25,1015625
2015-08-26,717049
2015-08-27,439379
2015-08-28,351638
2015-08-29,260996
2015-08-30,242263
2015-08-31,445972
2015-09-01,567202
2015-09-02,537726
2015-09-03,518263
2015-09-04,491333
2015-09-05,263511
2015-09-06,338278
2015-09-07,0
2015-09-08,546249
2015-09-09,0
2015-09-10,562729
2015-09-11,474663
2015-09-12,329373
2015-09-13,284108
2015-09-14,572636
2015-09-15,539014
2015-09-16,534373
2015-09-17,498504
2015-09-18,538187
2015-09-19,306864
2015-09-20,309012
2015-09-21,527209
2015-09-22,509486
2015-09-23,545769
2015-09-24,489359
2015-09-25,515755
2015-09-26,301882
2015-09-27,240549
2015-09-28,472510
2015-09-29,545160
2015-09-30,488868
2015-10-01,505521
2015-10-02,503633
2015-10-03,304997
2015-10-04,299736
2015-10-05,631057
2015-10-06,543086
2015-10-07,617593
2015-10-08,594416
2015-10-09,479618
2015-10-10,302112
2015-10-11,347326
2015-10-12,572643
2015-10-13,622661
2015-10-14,590101
2015-10-15,623460
2015-10-16,561027
2015-10-17,336533
2015-10-18,0
2015-10-19,590127
2015-10-20,579928
2015-10-21,560266
2015-10-22,538841
2015-10-23,485298
2015-10-24,301885
2015-10-25,338243
2015-10-26,0
2015-10-27,566077
2015-10-28,539404
2015-10-29,530879
2015-10-30,525490
2015-10-31,0
2015-11-01,0
2015-11-02,606692
2015-11-03,650535
2015-11-04,580111
2015-11-05,575223
2015-11-06,528868
2015-11-07,423297
2015-11-08,251660
2015-11-09,578893
2015-11-10,652743
2015-11-11,613441
2015-11-12,696530
2015-11-13,506089
2015-11-14,375148
2015-11-15,0
2015-11-16,537598
2015-11-17,582052
2015-11-18,626181
2015-11-19,651228
2015-11-20,512243
2015-11-21,443700
2015-11-22,375737
2015-11-23,598842
2015-11-24,749059
2015-11-25,872277
2015-11-26,882950
2015-11-27,651621
2015-11-28,543322
2015-11-29,648761
2015-11-30,699306
2015-12-01,655976
2015-12-02,560133
2015-12-03,544426
2015-12-04,557194
2015-12-05,381751
2015-12-06,302775
2015-12-07,535698
2015-12-08,629947
2015-12-09,530199
2015-12-10,595317
2015-12-11,716194
2015-12-12,421969
2015-12-13,328637
2015-12-14,531592
2015-12-15,637174
2015-12-16,786099
2015-12-17,712431
2015-12-18,668760
2015-12-19,504207
2015-12-20,522464
2015-12-21,691342
2015-12-22,481241
2015-12-23,384367
2015-12-24,263712
2015-12-25,181759
2015-12-26,203819
2015-12-27,209037
2015-12-28,351825
2015-12-29,361992
2015-12-30,315079
2015-12-31,200501
2016-01-01,207474
2016-01-02,220584
2016-01-03,197271
2016-01-04,474504
2016-01-05,493001
2016-01-06,560215
2016-01-07,539519
2016-01-08,491175
2016-01-09,281604
2016-01-10,276822
2016-01-11,501385
2016-01-12,611930
2016-01-13,586316
2016-01-14,574196
2016-01-15,497367
2016-01-16,369781
2016-01-17,277310
2016-01-18,541899
2016-01-19,704588
2016-01-20,680833
2016-01-21,657929
2016-01-22,564676
2016-01-23,334321
2016-01-24,336845
2016-01-25,672142
2016-01-26,610361
2016-01-27,802742
2016-01-28,682447
2016-01-29,576221
2016-01-30,303019
2016-01-31,318309
2016-02-01,586380
2016-02-02,611382
2016-02-03,0
2016-02-04,619982
2016-02-05,575734
2016-02-06,316515
2016-02-07,270090
2016-02-08,600214
2016-02-09,621825
2016-02-10,612289
2016-02-11,612359
2016-02-12,560577
2016-02-13,298729
2016-02-14,319459
2016-02-15,659327
2016-02-16,728900
2016-02-17,1020050
2016-02-18,859768
2016-02-19,622309
2016-02-20,332946
2016-02-21,350470
2016-02-22,648375
2016-02-23,649793
2016-02-24,632688
2016-02-25,679917
2016-02-26,606821
2016-02-27,341126
2016-02-28,346909
2016-02-29,610580
2016-03-01,706529
2016-03-02,846791
2016-03-03,715860
2016-03-04,642986
2016-03-05,334295
2016-03-06,331440
2016-03-07,592899
2016-03-08,630588
2016-03-09,600847
2016-03-10,619238
2016-03-11,558816
2016-03-12,320994
2016-03-13,291864
2016-03-14,552261
2016-03-15,601338
2016-03-16,581805
2016-03-17,579763
2016-03-18,563742
2016-03-19,334284
2016-03-20,311205
2016-03-21,564397
2016-03-22,602429
2016-03-23,543594
2016-03-24,476540
2016-03-25,353648
2016-03-26,257852
2016-03-27,287197
2016-03-28,469201
2016-03-29,580585
2016-03-30,656367
2016-03-31,601127
2016-04-01,539464
2016-04-02,307276
2016-04-03,293286
2016-04-04,525255
2016-04-05,608913
2016-04-06,609408
2016-04-07,609535
2016-04-08,530435
2016-04-09,314324
2016-04-10,329048
2016-04-11,616713
2016-04-12,662640
2016-04-13,592380
2016-04-14,614083
2016-04-15,495830
2016-04-16,296836
2016-04-17,323144
2016-04-18,601563
2016-04-19,596730
2016-04-20,616348
2016-04-21,611291
2016-04-22,512870
2016-04-23,336107
2016-04-24,301040
2016-04-25,584492
2016-04-26,657353
2016-04-27,621245
2016-04-28,563541
2016-04-29,484838
2016-04-30,278685
2016-05-01,292464
2016-05-02,544570
2016-05-03,624621
2016-05-04,709702
2016-05-05,648524
2016-05-06,561783
2016-05-07,345369
2016-05-08,319911
2016-05-09,707551
2016-05-10,772421
2016-05-11,722454
2016-05-12,740222
2016-05-13,634540
2016-05-14,382277
2016-05-15,381552
2016-05-16,676114
2016-05-17,711170
2016-05-18,730082
2016-05-19,713351
2016-05-20,635163
2016-05-21,371077
2016-05-22,373515
2016-05-23,674914
2016-05-24,726779
2016-05-25,750842
2016-05-26,712846
2016-05-27,622715
2016-05-28,360315
2016-05-29,349871
2016-05-30,633968
2016-05-31,705071
2016-06-01,697287
2016-06-02,0
2016-06-03,670050
2016-06-04,359138
2016-06-05,352299
2016-06-06,619272
2016-06-07,736662
2016-06-08,687934
2016-06-09,645074
2016-06-10,578687
2016-06-11,287803
2016-06-12,0
2016-06-13,667205
2016-06-14,657762
2016-06-15,642855
2016-06-16,605530
2016-06-17,597733
2016-06-18,292044
2016-06-19,308316
2016-06-20,613572
2016-06-21,646851
2016-06-22,710209
2016-06-23,745711
2016-06-24,562728
2016-06-25,342220
2016-06-26,337341
2016-06-27,646755
2016-06-28,692473
2016-06-29,640921
2016-06-30,598119
2016-07-01,533529
2016-07-02,277906
2016-07-03,299780
2016-07-04,548871
2016-07-05,671219
2016-07-06,593917
2016-07-07,651940
2016-07-08,617704
2016-07-09,343867
2016-07-10,357428
2016-07-11,651291
2016-07-12,0
2016-07-13,584586
2016-07-14,574226
2016-07-15,566969
2016-07-16,289625
2016-07-17,305231
2016-07-18,668013
2016-07-19,701878
2016-07-20,679313
2016-07-21,626536
2016-07-22,538869
2016-07-23,277293
2016-07-24,0
2016-07-25,619711
2016-07-26,671071
2016-07-27,602183
2016-07-28,677969
2016-07-29,568872
2016-07-30,372117
2016-07-31,287158
2016-08-01,563653
2016-08-02,674411
2016-08-03,636601
2016-08-04,0
2016-08-05,536322
2016-08-06,315167
2016-08-07,299068
2016-08-08,633353
2016-08-09,626196
2016-08-10,610536
2016-08-11,0
2016-08-12,554126
2016-08-13,0
2016-08-14,0
2016-08-15,534515
2016-08-16,632658
2016-08-17,621417
2016-08-18,594539
2016-08-19,569649
2016-08-20,0
2016-08-21,327395
2016-08-22,634692
2016-08-23,673811
2016-08-24,665690
2016-08-25,735926
2016-08-26,629793
2016-08-27,330078
2016-08-28,339007
2016-08-29,684004
2016-08-30,744962
2016-08-31,758646
2016-09-01,767401
2016-09-02,0
2016-09-03,330689
2016-09-04,341170
2016-09-05,632999
2016-09-06,817664
2016-09-07,944234
2016-09-08,833356
2016-09-09,0
2016-09-10,420604
2016-09-11,389398
2016-09-12,871116
2016-09-13,889252
2016-09-14,876974
2016-09-15,841793
2016-09-16,741416
2016-09-17,381619
2016-09-18,384324
2016-09-19,817173
2016-09-20,924016
2016-09-21,879164
2016-09-22,869365
2016-09-23,731676
2016-09-24,418636
2016-09-25,413712
2016-09-26,801936
2016-09-27,939626
2016-09-28,870190
2016-09-29,908768
2016-09-30,740057
2016-10-01,375256
2016-10-02,425422
2016-10-03,820709
2016-10-04,926002
2016-10-05,911898
2016-10-06,921291
2016-10-07,797105
2016-10-08,416061
2016-10-09,442552
2016-10-10,829775
2016-10-11,913699
2016-10-12,961462
2016-10-13,910085
2016-10-14,807971
2016-10-15,461645
2016-10-16,448087
2016-10-17,961002
2016-10-18,959699
2016-10-19,954686
2016-10-20,915994
2016-10-21,973902
2016-10-22,452600
2016-10-23,461756
2016-10-24,1001311
2016-10-25,973755
2016-10-26,910183
2016-10-27,884575
2016-10-28,731052
2016-10-29,385723
2016-10-30,471322
2016-10-31,853312
2016-11-01,960608
2016-11-02,1136597
2016-11-03,1146118
2016-11-04,1020379
2016-11-05,570332
2016-11-06,534825
2016-11-07,1062116
2016-11-08,1089388
2016-11-09,985311
2016-11-10,1139728
2016-11-11,857887
2016-11-12,530923
2016-11-13,535710
2016-11-14,1152311
2016-11-15,1191973
2016-11-16,1124721
2016-11-17,1129521
2016-11-18,977271
2016-11-19,550413
2016-11-20,604516
2016-11-21,1075848
2016-11-22,1103355
2016-11-23,991534
2016-11-24,849755
2016-11-25,765010
2016-11-26,512457
2016-11-27,548431
2016-11-28,1058973
2016-11-29,1245145
2016-11-30,1187e3
2016-12-01,1145397
2016-12-02,974960
2016-12-03,539294
2016-12-04,606890
2016-12-05,1110691
2016-12-06,1097064
2016-12-07,1054718
2016-12-08,987561
2016-12-09,893369
2016-12-10,526723
2016-12-11,493667
2016-12-12,933219
2016-12-13,945003
2016-12-14,935530
2016-12-15,897723
2016-12-16,806685
2016-12-17,445198
2016-12-18,443167
2016-12-19,808233
2016-12-20,804777
2016-12-21,844643
2016-12-22,697280
2016-12-23,525723
2016-12-24,333182
2016-12-25,268094
2016-12-26,379466
2016-12-27,490813
2016-12-28,605182
2016-12-29,544969
2016-12-30,437425
2016-12-31,275984
2017-01-01,244440
2017-01-02,493666
2017-01-03,833431
2017-01-04,884483
2017-01-05,841352
2017-01-06,733554
2017-01-07,427845
2017-01-08,441904
2017-01-09,925537
2017-01-10,1045995
2017-01-11,1164754
2017-01-12,0
2017-01-13,967532
2017-01-14,474228
2017-01-15,491819
2017-01-16,938450
2017-01-17,1160986
2017-01-18,1206642
2017-01-19,1188584
2017-01-20,1105376
2017-01-21,573507
2017-01-22,560257
2017-01-23,1161919
2017-01-24,1202123
2017-01-25,1285387
2017-01-26,1139183
2017-01-27,1031060
2017-01-28,494352
2017-01-29,523783
2017-01-30,1104937
2017-01-31,1186653
2017-02-01,1205129
2017-02-02,1139361
2017-02-03,1106105
2017-02-04,570183
2017-02-05,571141
2017-02-06,1129596
2017-02-07,1253377
2017-02-08,1236726
2017-02-09,1292378
2017-02-10,1080733
2017-02-11,591641
2017-02-12,562197
2017-02-13,1155034
2017-02-14,1226434
2017-02-15,1338242
2017-02-16,1265083
2017-02-17,1168006
2017-02-18,586710
2017-02-19,628268
2017-02-20,1073278
2017-02-21,1355861
2017-02-22,1248526
2017-02-23,1201384
2017-02-24,1089370
2017-02-25,597183
2017-02-26,670459
2017-02-27,1192526
2017-02-28,1074113
2017-03-01,721959
2017-03-02,1273853
2017-03-03,1091335
2017-03-04,594932
2017-03-05,592394
2017-03-06,1160498
2017-03-07,1217918
2017-03-08,1303740
2017-03-09,1225204
2017-03-10,1117882
2017-03-11,655598
2017-03-12,597545
2017-03-13,1217594
2017-03-14,1238552
2017-03-15,1219101
2017-03-16,1214081
2017-03-17,1060539
2017-03-18,579798
2017-03-19,604903
2017-03-20,1227987
2017-03-21,1327198
2017-03-22,1292555
2017-03-23,1247352
2017-03-24,1202717
2017-03-25,595127
2017-03-26,617393
2017-03-27,1412351
2017-03-28,1314232
2017-03-29,1298220
2017-03-30,1258241
2017-03-31,1041649
2017-04-01,607212
2017-04-02,594872
2017-04-03,1305394
2017-04-04,1737760
2017-04-05,1536341
2017-04-06,1404785
2017-04-07,1201772
2017-04-08,706011
2017-04-09,642991
2017-04-10,1234512
2017-04-11,1286674
2017-04-12,1304690
2017-04-13,1296232
2017-04-14,938469
2017-04-15,611976
2017-04-16,534246
2017-04-17,980219
2017-04-18,1270558
2017-04-19,1288041
2017-04-20,1293359
2017-04-21,1159581
2017-04-22,715751
2017-04-23,677275
2017-04-24,1421511
2017-04-25,1572509
2017-04-26,1507508
2017-04-27,1410889
2017-04-28,1103992
2017-04-29,673131
2017-04-30,579433
2017-05-01,948110
2017-05-02,1291063
2017-05-03,1282173
2017-05-04,1239754
2017-05-05,1190811
2017-05-06,636798
2017-05-07,684367
2017-05-08,1250411
2017-05-09,1245132
2017-05-10,1283241
2017-05-11,1233504
2017-05-12,1096072
2017-05-13,564145
2017-05-14,582897
2017-05-15,1198019
2017-05-16,1270556
2017-05-17,1307225
2017-05-18,1281064
2017-05-19,1089220
2017-05-20,569041
2017-05-21,586018
2017-05-22,1240592
2017-05-23,1320961
2017-05-24,1250824
2017-05-25,1136443
2017-05-26,1079423
2017-05-27,589298
2017-05-28,539231
2017-05-29,936285
2017-05-30,1196161
2017-05-31,1270236
2017-06-01,1244845
2017-06-02,1071050
2017-06-03,574305
2017-06-04,538647
2017-06-05,1280244
2017-06-06,1237767
2017-06-07,1235730
2017-06-08,1242302
2017-06-09,1124935
2017-06-10,606833
2017-06-11,597419
2017-06-12,1227922
2017-06-13,1284483
2017-06-14,1263482
2017-06-15,1149881
2017-06-16,1051619
2017-06-17,509736
2017-06-18,522515
2017-06-19,1189264
2017-06-20,1286459
2017-06-21,1205105
2017-06-22,1206020
2017-06-23,1016759
2017-06-24,532005
2017-06-25,526286
2017-06-26,1099522
2017-06-27,1189291
2017-06-28,1126778
2017-06-29,1102955
2017-06-30,970138
2017-07-01,534030
2017-07-02,477708
2017-07-03,1048446
2017-07-04,1030997
2017-07-05,1132157
2017-07-06,1132486
2017-07-07,1032892
2017-07-08,549370
2017-07-09,509296
2017-07-10,1192299
2017-07-11,1233790
2017-07-12,1156367
2017-07-13,1098901
2017-07-14,900500
2017-07-15,418943
2017-07-16,0
2017-07-17,1007509
2017-07-18,1170624
2017-07-19,1577382
2017-07-20,1419572
2017-07-21,1003281
2017-07-22,536582
2017-07-23,518465
2017-07-24,1069438
2017-07-25,1145264
2017-07-26,1080104
2017-07-27,1050019
2017-07-28,943478
2017-07-29,508904
2017-07-30,500015
2017-07-31,1017059
2017-08-01,1040571
2017-08-02,1043080
2017-08-03,1030265
2017-08-04,954743
2017-08-05,500636
2017-08-06,498240
2017-08-07,1026208
2017-08-08,1027929
2017-08-09,1016492
2017-08-10,1023283
2017-08-11,928713
2017-08-12,467328
2017-08-13,478608
2017-08-14,987308
2017-08-15,970680
2017-08-16,1094678
2017-08-17,1080760
2017-08-18,983611
2017-08-19,561186
2017-08-20,537671
2017-08-21,1003647
2017-08-22,1118447
2017-08-23,1180618
2017-08-24,1141844
2017-08-25,1035786
2017-08-26,569546
2017-08-27,553925
2017-08-28,1131693
2017-08-29,1317996
2017-08-30,1288022
2017-08-31,1271768
2017-09-01,0
2017-09-02,0
2017-09-03,578851
2017-09-04,1005664
2017-09-05,1338007
2017-09-06,1417121
2017-09-07,1431840
2017-09-08,1245990
2017-09-09,638470
2017-09-10,706232
2017-09-11,1443188
2017-09-12,1489498
2017-09-13,1530387
2017-09-14,1495770
2017-09-15,1260108
2017-09-16,723890
2017-09-17,691323
2017-09-18,1392899
2017-09-19,1576553
2017-09-20,1663170
2017-09-21,1445579
2017-09-22,1353653
2017-09-23,688831
2017-09-24,685884
2017-09-25,1494037
2017-09-26,1600931
2017-09-27,1563664
2017-09-28,1434851
2017-09-29,1234077
2017-09-30,655909
2017-10-01,624180
2017-10-02,1352787
2017-10-03,1402213
2017-10-04,1480703
2017-10-05,1409058
2017-10-06,1293651
2017-10-07,663230
2017-10-08,705954
2017-10-09,1288190
2017-10-10,1612428
2017-10-11,1643900
2017-10-12,1524289
2017-10-13,1309861
2017-10-14,670568
2017-10-15,662174
2017-10-16,1447599
2017-10-17,1500448
2017-10-18,1444303
2017-10-19,1405409
2017-10-20,1358533
2017-10-21,644943
2017-10-22,670279
2017-10-23,1460116
2017-10-24,1565524
2017-10-25,1548816
2017-10-26,1551959
2017-10-27,1341879
2017-10-28,683342
2017-10-29,662616
2017-10-30,1441321
2017-10-31,1438224
2017-11-01,1360244
2017-11-02,1497317
2017-11-03,1320112
2017-11-04,706934
2017-11-05,747754
2017-11-06,1572840
2017-11-07,1634076
2017-11-08,1716905
2017-11-09,1635758
2017-11-10,1315719
2017-11-11,764792
2017-11-12,767367
2017-11-13,1572818
2017-11-14,1764388
2017-11-15,1561624
2017-11-16,1626424
2017-11-17,1388424
2017-11-18,768204
2017-11-19,773346
2017-11-20,1629849
2017-11-21,1679686
2017-11-22,1517238
2017-11-23,1274042
2017-11-24,1301227
2017-11-25,720282
2017-11-26,751179
2017-11-27,1613092
2017-11-28,1667767
2017-11-29,1618506
2017-11-30,1552821
2017-12-01,1342741
2017-12-02,928563
2017-12-03,878590
2017-12-04,1663192
2017-12-05,1742909
2017-12-06,1641598
2017-12-07,1556890
2017-12-08,1260696
2017-12-09,816426
2017-12-10,750902
2017-12-11,1461543
2017-12-12,1494449
2017-12-13,1502421
2017-12-14,1349488
2017-12-15,1248129
2017-12-16,692940
2017-12-17,655963
2017-12-18,1264889
2017-12-19,1283675
2017-12-20,1204368
2017-12-21,1125304
2017-12-22,822804
2017-12-23,503404
2017-12-24,438935
2017-12-25,428147
2017-12-26,682116
2017-12-27,771592
2017-12-28,822527
2017-12-29,671827
2017-12-30,444024
2017-12-31,361204
2018-01-01,395936
2018-01-02,890988
2018-01-03,1079091
2018-01-04,1258316
2018-01-05,0
2018-01-06,614069
2018-01-07,637637
2018-01-08,1284480
2018-01-09,1479750
2018-01-10,1553734
2018-01-11,1426428
2018-01-12,1294634
2018-01-13,722882
2018-01-14,677720
2018-01-15,1293451
2018-01-16,1597987
2018-01-17,1635947
2018-01-18,1646404
2018-01-19,1457146
2018-01-20,732734
2018-01-21,746135
2018-01-22,1636555
2018-01-23,1806436
2018-01-24,1834848
2018-01-25,1793529
2018-01-26,1411476
2018-01-27,812700
2018-01-28,819282
2018-01-29,1735320
2018-01-30,2206860
2018-01-31,1762247
2018-02-01,1707198
2018-02-02,1455268
2018-02-03,756757
2018-02-04,736965
2018-02-05,1590924
2018-02-06,1715542
2018-02-07,1633238
2018-02-08,1712519
2018-02-09,0
2018-02-10,0
2018-02-11,757671
2018-02-12,1522301
2018-02-13,1599451
2018-02-14,1511523
2018-02-15,1585202
2018-02-16,1354314
2018-02-17,706406
2018-02-18,683469
2018-02-19,1538148
2018-02-20,1676158
2018-02-21,1807331
2018-02-22,1672509
2018-02-23,0
2018-02-24,0
2018-02-25,788919
2018-02-26,1703036
2018-02-27,1805546
2018-02-28,1767548
2018-03-01,1721192
2018-03-02,1476389
2018-03-03,812813
2018-03-04,852856
2018-03-05,1807575
2018-03-06,1805028
2018-03-07,1838742
2018-03-08,1744778
2018-03-09,1581077
2018-03-10,858369
2018-03-11,851610
2018-03-12,1806269
2018-03-13,1838918
2018-03-14,1801701
2018-03-15,1784908
2018-03-16,1664161
2018-03-17,881792
2018-03-18,874879
2018-03-19,1777403
2018-03-20,1899423
2018-03-21,1949203
2018-03-22,1803205
2018-03-23,1749169
2018-03-24,926318
2018-03-25,921829
2018-03-26,1767437
2018-03-27,1772829
2018-03-28,1753203
2018-03-29,1638821
2018-03-30,1222642
2018-03-31,782107
2018-04-01,752740
2018-04-02,1467287
2018-04-03,1914085
2018-04-04,2050883
2018-04-05,1990927
2018-04-06,1638010
2018-04-07,1064993
2018-04-08,1035662
2018-04-09,1905367
2018-04-10,2106398
2018-04-11,2223627
2018-04-12,1934306
2018-04-13,1709928
2018-04-14,994559
2018-04-15,1040547
2018-04-16,1856697
2018-04-17,1966516
2018-04-18,1910820
2018-04-19,1868172
2018-04-20,1651317
2018-04-21,872405
2018-04-22,923650
2018-04-23,1938820
2018-04-24,2349910
2018-04-25,2487852
2018-04-26,2327745
2018-04-27,2181433
2018-04-28,1642043
2018-04-29,1608472
2018-04-30,2151122
2018-05-01,1676117
2018-05-02,2228540
2018-05-03,2129616
2018-05-04,1809312
2018-05-05,1013912
2018-05-06,0
2018-05-07,2032096
2018-05-08,2069417
2018-05-09,2072105
2018-05-10,1872617
2018-05-11,1694646
2018-05-12,0
2018-05-13,955713
2018-05-14,1998658
2018-05-15,2076657
2018-05-16,1997776
2018-05-17,1988444
2018-05-18,1766418
2018-05-19,0
2018-05-20,977048
2018-05-21,1727025
2018-05-22,1995858
2018-05-23,2063867
2018-05-24,2074950
2018-05-25,1710904
2018-05-26,906269
2018-05-27,0
2018-05-28,1665663
2018-05-29,1990927
2018-05-30,2015829
2018-05-31,1859563
2018-06-01,1670654
2018-06-02,900978
2018-06-03,874947
2018-06-04,1886316
2018-06-05,1987994
2018-06-06,1944815
2018-06-07,1937921
2018-06-08,1681988
2018-06-09,956612
2018-06-10,932196
2018-06-11,1847935
2018-06-12,1988089
2018-06-13,1838644
2018-06-14,1759045
2018-06-15,1550127
2018-06-16,784615
2018-06-17,732148
2018-06-18,1668797
2018-06-19,1799607
2018-06-20,1797413
2018-06-21,1740576
2018-06-22,1537911
2018-06-23,851395
2018-06-24,840173
2018-06-25,1671460
2018-06-26,1920406
2018-06-27,1775587
2018-06-28,1775228
2018-06-29,1498579
2018-06-30,825121
2018-07-01,743833
2018-07-02,1548489
2018-07-03,1700566
2018-07-04,1631673
2018-07-05,1854994
2018-07-06,1725952
2018-07-07,0
2018-07-08,0
2018-07-09,1903008
2018-07-10,1852510
2018-07-11,1779686
2018-07-12,1706430
2018-07-13,1446464
2018-07-14,864935
2018-07-15,802880
2018-07-16,1652119
2018-07-17,1772926
2018-07-18,1803643
2018-07-19,1782666
2018-07-20,1536114
2018-07-21,827189
2018-07-22,857213
2018-07-23,1692979
2018-07-24,1773473
2018-07-25,1731555
2018-07-26,1670834
2018-07-27,1576260
2018-07-28,0
2018-07-29,754174
2018-07-30,1609785
2018-07-31,1683283
2018-08-01,1611705
2018-08-02,1780019
2018-08-03,1579800
2018-08-04,710174
2018-08-05,728382
2018-08-06,1607341
2018-08-07,1644510
2018-08-08,1635521
2018-08-09,1624813
2018-08-10,1382974
2018-08-11,774680
2018-08-12,732033
2018-08-13,1503944
2018-08-14,1612040
2018-08-15,1408994
2018-08-16,1547394
2018-08-17,1342603
2018-08-18,779542
2018-08-19,751448
2018-08-20,1555338
2018-08-21,1698767
2018-08-22,1708989
2018-08-23,1699738
2018-08-24,1505955
2018-08-25,776553
2018-08-26,778836
2018-08-27,1703495
2018-08-28,1924200
2018-08-29,1904307
2018-08-30,1921064
2018-08-31,0
2018-09-01,768640
2018-09-02,768077
2018-09-03,1457361
2018-09-04,2014377
2018-09-05,2176318
2018-09-06,2127215
2018-09-07,1788942
2018-09-08,1032830
2018-09-09,980515
2018-09-10,2042951
2018-09-11,2185015
2018-09-12,2641618
2018-09-13,2695492
2018-09-14,2395885
2018-09-15,1191195
2018-09-16,1330848
2018-09-17,2751884
2018-09-18,2826655
2018-09-19,2947504
2018-09-20,2840547
2018-09-21,2411012
2018-09-22,1238581
2018-09-23,1233517
2018-09-24,2541278
2018-09-25,2760720
2018-09-26,2814138
2018-09-27,2794641
2018-09-28,2433929
2018-09-29,1312066
2018-09-30,1230757
2018-10-01,2752025
2018-10-02,2830217
2018-10-03,2816983
2018-10-04,2779121
2018-10-05,2361449
2018-10-06,1240436
2018-10-07,1229986
2018-10-08,2512053
2018-10-09,2783518
2018-10-10,2964636
2018-10-11,2791961
2018-10-12,2401294
2018-10-13,1399898
2018-10-14,1274415
2018-10-15,2632735
2018-10-16,2883211
2018-10-17,2923376
2018-10-18,2792563
2018-10-19,2524330
2018-10-20,1357920
2018-10-21,0
2018-10-22,3718050
2018-10-23,3051268
2018-10-24,3178870
2018-10-25,2942237
2018-10-26,2584268
2018-10-27,1359998
2018-10-28,1340236
2018-10-29,2976386
2018-10-30,3015730
2018-10-31,2913864
2018-11-01,2646204
2018-11-02,2354184
2018-11-03,1332091
2018-11-04,1353459
2018-11-05,2900746
2018-11-06,2964450
2018-11-07,2958197
2018-11-08,2970489
2018-11-09,2761551
2018-11-10,1516655
2018-11-11,1484086
2018-11-12,2956843
2018-11-13,3357837
2018-11-14,3231960
2018-11-15,3079804
2018-11-16,2697800
2018-11-17,1509857
2018-11-18,1535847
2018-11-19,2814600
2018-11-20,2954272
2018-11-21,2978127
2018-11-22,2452900
2018-11-23,2091749
2018-11-24,1365736
2018-11-25,1384929
2018-11-26,2927100
2018-11-27,3299070
2018-11-28,3252687
2018-11-29,3025221
2018-11-30,2606381
2018-12-01,1429120
2018-12-02,1436376
2018-12-03,2968026
2018-12-04,2958404
2018-12-05,3068236
2018-12-06,2856338
2018-12-07,2640463
2018-12-08,1495035
2018-12-09,1513903
2018-12-10,2673967
2018-12-11,2704850
2018-12-12,2802786
2018-12-13,2674183
2018-12-14,2164451
2018-12-15,1305683
2018-12-16,1220584
2018-12-17,2243363
2018-12-18,2402527
2018-12-19,2443318
2018-12-20,2153783
2018-12-21,1866212
2018-12-22,1019487
2018-12-23,1070978
2018-12-24,1125289
2018-12-25,1001042
2018-12-26,1366816
2018-12-27,1509497
2018-12-28,1437090
2018-12-29,952720
2018-12-30,899605
2018-12-31,1178071
2019-01-01,829199
